{"properties":{"roleName":"Desktop Virtualization Application Group Owner","description":"App Group owner ","assignableScopes":["/subscriptions/c82ad9b5-1009-44fd-abdc-2b30f8e55ba0/resourceGroups/NewPortal"],"permissions":[{"actions":["Microsoft.DesktopVirtualization/applicationgroups/startmenuitems/read","Microsoft.DesktopVirtualization/applicationgroups/desktops/delete","Microsoft.DesktopVirtualization/applicationgroups/desktops/write","Microsoft.DesktopVirtualization/applicationgroups/desktops/read","Microsoft.DesktopVirtualization/applicationgroups/applications/delete","Microsoft.DesktopVirtualization/applicationgroups/applications/write","Microsoft.DesktopVirtualization/applicationgroups/applications/read","Microsoft.DesktopVirtualization/applicationgroups/providers/Microsoft.Insights/logDefinitions/read","Microsoft.DesktopVirtualization/applicationgroups/providers/Microsoft.Insights/diagnosticSettings/write","Microsoft.DesktopVirtualization/applicationgroups/providers/Microsoft.Insights/diagnosticSettings/read","Microsoft.DesktopVirtualization/applicationgroups/delete","Microsoft.DesktopVirtualization/applicationgroups/write","Microsoft.DesktopVirtualization/applicationgroups/read","Microsoft.Authorization/roleDefinitions/read","Microsoft.Authorization/roleAssignments/write","Microsoft.Authorization/roleAssignments/read","Microsoft.Authorization/permissions/read","Microsoft.Resources/subscriptions/resourcegroups/resources/read","Microsoft.Resources/subscriptions/resourcegroups/deployments/operationstatuses/read","Microsoft.Resources/subscriptions/resourcegroups/deployments/operations/read","Microsoft.Resources/subscriptions/resourcegroups/deployments/read","Microsoft.Resources/subscriptions/resourceGroups/read","Microsoft.DesktopVirtualization/hostpools/read","Microsoft.DesktopVirtualization/workspaces/read","Microsoft.DesktopVirtualization/hostpools/sessionhosts/read","Microsoft.Resources/deployments/validate/action","Microsoft.Resources/deployments/exportTemplate/action","Microsoft.Resources/deployments/whatIf/action","Microsoft.Resources/deployments/cancel/action","Microsoft.Resources/deployments/write","Microsoft.Resources/deployments/read","Microsoft.Resources/deployments/operationstatuses/read","Microsoft.Resources/deployments/operations/read","Microsoft.Authorization/roleAssignments/delete"],"notActions":[],"dataActions":["Microsoft.DesktopVirtualization/applicationgroups/useapplications/action"],"notDataActions":[]}]}}