{"properties":{"roleName":"Desktop Virtualization Application Group Reader","description":"WVD App Group Reader","assignableScopes":["/subscriptions/c82ad9b5-1009-44fd-abdc-2b30f8e55ba0"],"permissions":[{"actions":["Microsoft.DesktopVirtualization/applicationgroups/startmenuitems/read","Microsoft.DesktopVirtualization/applicationgroups/desktops/read","Microsoft.DesktopVirtualization/applicationgroups/applications/read","Microsoft.DesktopVirtualization/applicationgroups/providers/Microsoft.Insights/logDefinitions/read","Microsoft.DesktopVirtualization/applicationgroups/providers/Microsoft.Insights/diagnosticSettings/read","Microsoft.DesktopVirtualization/applicationgroups/read","Microsoft.Authorization/roleDefinitions/read","Microsoft.Authorization/roleAssignments/read","Microsoft.Authorization/permissions/read","Microsoft.Resources/subscriptions/resourcegroups/resources/read","Microsoft.Resources/subscriptions/resourcegroups/deployments/operationstatuses/read","Microsoft.Resources/subscriptions/resourcegroups/deployments/operations/read","Microsoft.Resources/subscriptions/resourcegroups/deployments/read","Microsoft.Resources/subscriptions/resourceGroups/read","Microsoft.DesktopVirtualization/hostpools/read","Microsoft.DesktopVirtualization/workspaces/read","Microsoft.DesktopVirtualization/hostpools/sessionhosts/read","Microsoft.Resources/deployments/read","Microsoft.Resources/deployments/operationstatuses/read","Microsoft.Resources/deployments/operations/read"],"notActions":[],"dataActions":[],"notDataActions":[]}]}}