{"properties":{"roleName":"Desktop Virtualization Workspace Contributor","description":"WVD Workspace Contributor","assignableScopes":["/subscriptions/c82ad9b5-1009-44fd-abdc-2b30f8e55ba0"],"permissions":[{"actions":["Microsoft.DesktopVirtualization/workspaces/providers/Microsoft.Insights/logDefinitions/read","Microsoft.DesktopVirtualization/workspaces/providers/Microsoft.Insights/diagnosticSettings/write","Microsoft.DesktopVirtualization/workspaces/providers/Microsoft.Insights/diagnosticSettings/read","Microsoft.DesktopVirtualization/workspaces/delete","Microsoft.DesktopVirtualization/workspaces/write","Microsoft.DesktopVirtualization/workspaces/read","Microsoft.Resources/deployments/operationstatuses/read","Microsoft.Resources/deployments/operations/read","Microsoft.Resources/deployments/read","Microsoft.Resources/deployments/write","Microsoft.Resources/deployments/cancel/action","Microsoft.Resources/deployments/validate/action","Microsoft.Resources/deployments/whatIf/action","Microsoft.Resources/deployments/exportTemplate/action","Microsoft.Resources/subscriptions/resourceGroups/read","Microsoft.Resources/subscriptions/resourcegroups/deployments/read","Microsoft.Resources/subscriptions/resourcegroups/deployments/write","Microsoft.Resources/subscriptions/resourcegroups/deployments/operations/read","Microsoft.Resources/subscriptions/resourcegroups/deployments/operationstatuses/read","Microsoft.Resources/subscriptions/resourcegroups/resources/read"],"notActions":[],"dataActions":["Microsoft.DesktopVirtualization/applicationgroups/useapplications/action"],"notDataActions":[]}]}}