{"properties":{"roleName":"Desktop Virtualization Workspace Reader","description":"WVD Workspace Reader","assignableScopes":["/subscriptions/c82ad9b5-1009-44fd-abdc-2b30f8e55ba0"],"permissions":[{"actions":["Microsoft.DesktopVirtualization/workspaces/providers/Microsoft.Insights/logDefinitions/read","Microsoft.DesktopVirtualization/workspaces/providers/Microsoft.Insights/diagnosticSettings/read","Microsoft.DesktopVirtualization/workspaces/read","Microsoft.Resources/deployments/operationstatuses/read","Microsoft.Resources/deployments/operations/read","Microsoft.Resources/deployments/read","Microsoft.Resources/subscriptions/resourceGroups/read","Microsoft.Resources/subscriptions/resourcegroups/deployments/read","Microsoft.Resources/subscriptions/resourcegroups/deployments/operations/read","Microsoft.Resources/subscriptions/resourcegroups/deployments/operationstatuses/read","Microsoft.Resources/subscriptions/resourcegroups/resources/read"],"notActions":[],"dataActions":[],"notDataActions":[]}]}}