{"properties":{"roleName":"Desktop Virtualization HostPool Contributor","description":"WVD HostPool Contributor","assignableScopes":["/subscriptions/c82ad9b5-1009-44fd-abdc-2b30f8e55ba0"],"permissions":[{"actions":["Microsoft.DesktopVirtualization/hostpools/sessionhosts/usersessions/delete","Microsoft.DesktopVirtualization/hostpools/sessionhosts/usersessions/write","Microsoft.DesktopVirtualization/hostpools/sessionhosts/usersessions/read","Microsoft.DesktopVirtualization/hostpools/sessionhosts/delete","Microsoft.DesktopVirtualization/hostpools/sessionhosts/write","Microsoft.DesktopVirtualization/hostpools/sessionhosts/read","Microsoft.DesktopVirtualization/hostpools/providers/Microsoft.Insights/logDefinitions/read","Microsoft.DesktopVirtualization/hostpools/providers/Microsoft.Insights/diagnosticSettings/write","Microsoft.DesktopVirtualization/hostpools/providers/Microsoft.Insights/diagnosticSettings/read","Microsoft.DesktopVirtualization/hostpools/delete","Microsoft.DesktopVirtualization/hostpools/write","Microsoft.DesktopVirtualization/hostpools/read","Microsoft.Resources/deployments/validate/action","Microsoft.Resources/deployments/read","Microsoft.Resources/deployments/write","Microsoft.Resources/deployments/cancel/action","Microsoft.Resources/deployments/whatIf/action","Microsoft.Resources/deployments/exportTemplate/action","Microsoft.Resources/deployments/operations/read","Microsoft.Resources/deployments/operationstatuses/read","Microsoft.Resources/subscriptions/resourcegroups/resources/read","Microsoft.Resources/subscriptions/resourcegroups/deployments/operationstatuses/read","Microsoft.Resources/subscriptions/resourcegroups/deployments/operations/read","Microsoft.Resources/subscriptions/resourcegroups/deployments/write","Microsoft.Resources/subscriptions/resourcegroups/deployments/read","Microsoft.Resources/subscriptions/resourceGroups/read"],"notActions":[],"dataActions":[],"notDataActions":[]}]}}