{"properties":{"roleName":"Desktop Virtualization Owner","description":"Full WVD and Network join rights","assignableScopes":["/subscriptions/c82ad9b5-1009-44fd-abdc-2b30f8e55ba0/resourceGroups/NewPortal"],"permissions":[{"actions":["Microsoft.Network/networkInterfaces/join/action","Microsoft.Network/networkInterfaces/ipconfigurations/join/action","Microsoft.DesktopVirtualization/workspaces/providers/Microsoft.Insights/logDefinitions/read","Microsoft.DesktopVirtualization/workspaces/providers/Microsoft.Insights/diagnosticSettings/write","Microsoft.DesktopVirtualization/workspaces/providers/Microsoft.Insights/diagnosticSettings/read","Microsoft.DesktopVirtualization/workspaces/delete","Microsoft.DesktopVirtualization/workspaces/write","Microsoft.DesktopVirtualization/workspaces/read","Microsoft.DesktopVirtualization/hostpools/sessionhosts/usersessions/delete","Microsoft.DesktopVirtualization/hostpools/sessionhosts/usersessions/write","Microsoft.DesktopVirtualization/hostpools/sessionhosts/usersessions/read","Microsoft.DesktopVirtualization/hostpools/sessionhosts/delete","Microsoft.DesktopVirtualization/hostpools/sessionhosts/write","Microsoft.DesktopVirtualization/hostpools/sessionhosts/read","Microsoft.DesktopVirtualization/hostpools/providers/Microsoft.Insights/logDefinitions/read","Microsoft.DesktopVirtualization/hostpools/providers/Microsoft.Insights/diagnosticSettings/write","Microsoft.DesktopVirtualization/hostpools/providers/Microsoft.Insights/diagnosticSettings/read","Microsoft.DesktopVirtualization/hostpools/delete","Microsoft.DesktopVirtualization/hostpools/write","Microsoft.DesktopVirtualization/hostpools/read","Microsoft.DesktopVirtualization/applicationgroups/startmenuitems/read","Microsoft.DesktopVirtualization/applicationgroups/desktops/delete","Microsoft.DesktopVirtualization/applicationgroups/desktops/write","Microsoft.DesktopVirtualization/applicationgroups/desktops/read","Microsoft.DesktopVirtualization/applicationgroups/applications/delete","Microsoft.DesktopVirtualization/applicationgroups/applications/write","Microsoft.DesktopVirtualization/applicationgroups/applications/read","Microsoft.DesktopVirtualization/applicationgroups/providers/Microsoft.Insights/logDefinitions/read","Microsoft.DesktopVirtualization/applicationgroups/providers/Microsoft.Insights/diagnosticSettings/write","Microsoft.DesktopVirtualization/applicationgroups/providers/Microsoft.Insights/diagnosticSettings/read","Microsoft.DesktopVirtualization/applicationgroups/delete","Microsoft.DesktopVirtualization/applicationgroups/write","Microsoft.DesktopVirtualization/applicationgroups/read","Microsoft.DesktopVirtualization/register/action","Microsoft.Compute/galleries/applications/versions/delete","Microsoft.Compute/galleries/applications/versions/write","Microsoft.Compute/galleries/applications/versions/read","Microsoft.Compute/galleries/applications/delete","Microsoft.Compute/galleries/applications/write","Microsoft.Compute/galleries/applications/read","Microsoft.Compute/diskEncryptionSets/read","Microsoft.Compute/virtualMachines/vmSizes/read","Microsoft.Compute/virtualMachines/instanceView/read","Microsoft.Compute/virtualMachines/extensions/delete","Microsoft.Compute/virtualMachines/extensions/write","Microsoft.Compute/virtualMachines/extensions/read","Microsoft.Compute/virtualMachines/cancelPatchInstallation/action","Microsoft.Compute/virtualMachines/assessPatches/action","Microsoft.Compute/virtualMachines/installPatches/action","Microsoft.Compute/virtualMachines/reimage/action","Microsoft.Compute/virtualMachines/performMaintenance/action","Microsoft.Compute/virtualMachines/convertToManagedDisks/action","Microsoft.Compute/virtualMachines/runCommand/action","Microsoft.Compute/virtualMachines/capture/action","Microsoft.Compute/virtualMachines/generalize/action","Microsoft.Compute/virtualMachines/deallocate/action","Microsoft.Compute/virtualMachines/restart/action","Microsoft.Compute/virtualMachines/redeploy/action","Microsoft.Compute/virtualMachines/powerOff/action","Microsoft.Compute/virtualMachines/start/action","Microsoft.Compute/virtualMachines/delete","Microsoft.Compute/virtualMachines/write","Microsoft.Compute/virtualMachines/read","Microsoft.Compute/locations/vmSizes/read","Microsoft.Compute/virtualMachineScaleSets/virtualMachines/networkInterfaces/ipConfigurations/publicIPAddresses/read","Microsoft.Compute/virtualMachineScaleSets/virtualMachines/networkInterfaces/ipConfigurations/read","Microsoft.Compute/virtualMachineScaleSets/virtualMachines/networkInterfaces/read","Microsoft.Compute/virtualMachineScaleSets/virtualMachines/instanceView/read","Microsoft.Compute/virtualMachineScaleSets/virtualMachines/extensions/delete","Microsoft.Compute/virtualMachineScaleSets/virtualMachines/extensions/write","Microsoft.Compute/virtualMachineScaleSets/virtualMachines/extensions/read","Microsoft.Compute/virtualMachineScaleSets/virtualMachines/runCommand/action","Microsoft.Compute/virtualMachineScaleSets/virtualMachines/performMaintenance/action","Microsoft.Compute/virtualMachineScaleSets/virtualMachines/redeploy/action","Microsoft.Compute/virtualMachineScaleSets/virtualMachines/reimageAll/action","Microsoft.Compute/virtualMachineScaleSets/virtualMachines/reimage/action","Microsoft.Compute/virtualMachineScaleSets/virtualMachines/deallocate/action","Microsoft.Compute/virtualMachineScaleSets/virtualMachines/restart/action","Microsoft.Compute/virtualMachineScaleSets/virtualMachines/powerOff/action","Microsoft.Compute/virtualMachineScaleSets/virtualMachines/start/action","Microsoft.Compute/virtualMachineScaleSets/virtualMachines/delete","Microsoft.Compute/virtualMachineScaleSets/virtualMachines/write","Microsoft.Compute/virtualMachineScaleSets/virtualMachines/read","Microsoft.Compute/virtualMachineScaleSets/vmSizes/read","Microsoft.Compute/virtualMachineScaleSets/rollingUpgrades/read","Microsoft.Compute/virtualMachineScaleSets/skus/read","Microsoft.Compute/virtualMachineScaleSets/osUpgradeHistory/read","Microsoft.Compute/virtualMachineScaleSets/instanceView/read","Microsoft.Compute/virtualMachineScaleSets/extensions/roles/write","Microsoft.Compute/virtualMachineScaleSets/extensions/roles/read","Microsoft.Compute/virtualMachineScaleSets/extensions/delete","Microsoft.Compute/virtualMachineScaleSets/extensions/write","Microsoft.Compute/virtualMachineScaleSets/extensions/read","Microsoft.Compute/virtualMachineScaleSets/publicIPAddresses/read","Microsoft.Compute/virtualMachineScaleSets/networkInterfaces/read","Microsoft.Compute/virtualMachineScaleSets/rollingUpgrades/action","Microsoft.Compute/virtualMachineScaleSets/osRollingUpgrade/action","Microsoft.Compute/virtualMachineScaleSets/forceRecoveryServiceFabricPlatformUpdateDomainWalk/action","Microsoft.Compute/virtualMachineScaleSets/scale/action","Microsoft.Compute/virtualMachineScaleSets/performMaintenance/action","Microsoft.Compute/virtualMachineScaleSets/redeploy/action","Microsoft.Compute/virtualMachineScaleSets/reimageAll/action","Microsoft.Compute/virtualMachineScaleSets/reimage/action","Microsoft.Compute/virtualMachineScaleSets/manualUpgrade/action","Microsoft.Compute/virtualMachineScaleSets/deallocate/action","Microsoft.Compute/virtualMachineScaleSets/restart/action","Microsoft.Compute/virtualMachineScaleSets/powerOff/action","Microsoft.Compute/virtualMachineScaleSets/start/action","Microsoft.Compute/virtualMachineScaleSets/delete/action","Microsoft.Compute/virtualMachineScaleSets/delete","Microsoft.Compute/virtualMachineScaleSets/write","Microsoft.Compute/virtualMachineScaleSets/read","Microsoft.Compute/locations/usages/read","Microsoft.Compute/snapshots/endGetAccess/action","Microsoft.Compute/snapshots/beginGetAccess/action","Microsoft.Compute/snapshots/delete","Microsoft.Compute/snapshots/write","Microsoft.Compute/snapshots/read","Microsoft.Compute/skus/read","Microsoft.Compute/sharedVMImages/versions/replicate/action","Microsoft.Compute/sharedVMImages/versions/delete","Microsoft.Compute/sharedVMImages/versions/write","Microsoft.Compute/sharedVMImages/versions/read","Microsoft.Compute/sharedVMImages/delete","Microsoft.Compute/sharedVMImages/write","Microsoft.Compute/sharedVMImages/read","Microsoft.Compute/sharedVMExtensions/versions/delete","Microsoft.Compute/sharedVMExtensions/versions/write","Microsoft.Compute/sharedVMExtensions/versions/read","Microsoft.Compute/sharedVMExtensions/delete","Microsoft.Compute/sharedVMExtensions/write","Microsoft.Compute/sharedVMExtensions/read","Microsoft.Compute/locations/runCommands/read","Microsoft.Compute/restorePointCollections/restorePoints/retrieveSasUris/action","Microsoft.Compute/restorePointCollections/restorePoints/delete","Microsoft.Compute/restorePointCollections/restorePoints/write","Microsoft.Compute/restorePointCollections/restorePoints/read","Microsoft.Compute/restorePointCollections/delete","Microsoft.Compute/restorePointCollections/write","Microsoft.Compute/restorePointCollections/read","Microsoft.Compute/locations/publishers/artifacttypes/types/versions/read","Microsoft.Compute/locations/publishers/artifacttypes/types/read","Microsoft.Compute/locations/publishers/artifacttypes/offers/skus/versions/read","Microsoft.Compute/locations/publishers/artifacttypes/offers/skus/read","Microsoft.Compute/locations/publishers/artifacttypes/offers/read","Microsoft.Compute/locations/publishers/read","Microsoft.Compute/locations/vsmOperations/read","Microsoft.Compute/locations/operations/read","Microsoft.Compute/locations/logAnalytics/getThrottledRequests/action","Microsoft.Compute/locations/logAnalytics/getRequestRateByInterval/action","Microsoft.Compute/images/delete","Microsoft.Compute/images/write","Microsoft.Compute/images/read","Microsoft.Compute/galleries/images/versions/delete","Microsoft.Compute/galleries/images/versions/write","Microsoft.Compute/galleries/images/versions/read","Microsoft.Compute/galleries/images/delete","Microsoft.Compute/galleries/images/write","Microsoft.Compute/galleries/images/read","Microsoft.Compute/galleries/delete","Microsoft.Compute/galleries/write","Microsoft.Compute/galleries/read","Microsoft.Compute/disks/endGetAccess/action","Microsoft.Compute/disks/beginGetAccess/action","Microsoft.Compute/disks/delete","Microsoft.Compute/disks/write","Microsoft.Compute/disks/read","Microsoft.Compute/locations/diskOperations/read","Microsoft.Compute/diskEncryptionSets/delete","Microsoft.Compute/diskEncryptionSets/write","Microsoft.Compute/diskAccesses/privateEndpointConnectionsApproval/action","Microsoft.Compute/diskAccesses/delete","Microsoft.Compute/diskAccesses/write","Microsoft.Compute/diskAccesses/read","Microsoft.Compute/operations/read","Microsoft.Compute/availabilitySets/vmSizes/read","Microsoft.Compute/availabilitySets/delete","Microsoft.Compute/availabilitySets/write","Microsoft.Compute/availabilitySets/read","Microsoft.Resources/deployments/operationstatuses/read","Microsoft.Resources/deployments/operations/read","Microsoft.Resources/deployments/read","Microsoft.Resources/deployments/validate/action","Microsoft.Authorization/roleDefinitions/read","Microsoft.Authorization/roleAssignments/write","Microsoft.Authorization/roleAssignments/read","Microsoft.Resources/deployments/write","Microsoft.Resources/deployments/cancel/action","Microsoft.Resources/deployments/whatIf/action","Microsoft.Resources/deployments/exportTemplate/action","Microsoft.Resources/subscriptions/resourcegroups/resources/read","Microsoft.Resources/subscriptions/resourcegroups/deployments/operationstatuses/read","Microsoft.Resources/subscriptions/resourcegroups/deployments/operations/read","Microsoft.Resources/subscriptions/resourcegroups/deployments/write","Microsoft.Resources/subscriptions/resourcegroups/deployments/read","Microsoft.Resources/subscriptions/resourceGroups/read","Microsoft.Authorization/roleAssignments/delete","Microsoft.Insights/DiagnosticSettingsCategories/Read","Microsoft.Insights/DiagnosticSettings/Read","Microsoft.Insights/DiagnosticSettings/Delete","Microsoft.Insights/DiagnosticSettings/Write","Microsoft.Insights/Components/providers/Microsoft.Insights/diagnosticSettings/Write","Microsoft.Insights/Components/providers/Microsoft.Insights/diagnosticSettings/Read","Microsoft.OperationalInsights/workspaces/analytics/query/action","Microsoft.OperationalInsights/workspaces/search/action"],"notActions":[],"dataActions":["Microsoft.DesktopVirtualization/applicationgroups/useapplications/action"],"notDataActions":[]}]}}