﻿{
  "$schema": "http://schema.management.azure.com/schemas/2015-01-01/deploymentTemplate.json#",
  "contentVersion": "1.0.0.0",
  "parameters": {
    "adminUsername": {
      "type": "string"
    },
    "adminPassword": {
      "type": "securestring"
    },
    "DomainFQDN": {
      "type": "string"
    },
    "OperatingSystem": {
      "type": "string",
      "defaultValue": "Client",
      "allowedValues": [
        "Server",
        "Client"
      ]
    },
    "VMSize": {
      "type": "string",
      "defaultValue": "Small",
      "allowedValues": [
        "Small",
        "Medium",
        "Large"
      ]
    },
    "subnetName": {
      "type": "string"
    },
    "virtualNetworkId": {
      "type": "string"
    },
    "virtualMachineName": {
      "type": "string"
    },
    "ProfilePath": {
      "type": "string"
    },
    "RegistrationToken": {
      "type": "string"
    }
  },
  "variables": {
    "VM_Images": {
      "Server": {
        "publisher": "MicrosoftWindowsServer",
        "offer": "WindowsServer",
        "sku": "2019-Datacenter-smalldisk",
        "version": "latest"
      },
      "Client": {
        "publisher": "microsoftwindowsdesktop",
        "offer": "office-365",
        "sku": "1903-evd-o365pp",
        "version": "latest"
      }
    },
    "VM_SIZES": {
      "Small": {
        "WVDsize": "Standard_B2ms"
      },
      "Medium": {
        "WVDsize": "Standard_DS3_v2"
      },
      "Large": {
        "WVDsize": "Standard_DS14_v2"
      }
    },    
    "vnetId": "[parameters('virtualNetworkId')]",
    "subnetRef": "[concat(variables('vnetId'), '/subnets/', parameters('subnetName'))]",
    "JoinUser": "[concat(parameters('adminUsername'),'@',parameters('DomainFQDN'))]",
    "Arguments": "[string(concat('-ProfilePath ', parameters('ProfilePath'), ' -RegistrationToken ', parameters('RegistrationToken')))]"
  },
  "resources": [
    {
      "name": "[concat(parameters('virtualMachineName'),'-nic')]",
      "type": "Microsoft.Network/networkInterfaces",
      "apiVersion": "2018-10-01",
      "location": "[resourceGroup().location]",
      "dependsOn": [],
      "properties": {
        "ipConfigurations": [
          {
            "name": "ipconfig1",
            "properties": {
              "subnet": {
                "id": "[variables('subnetRef')]"
              },
              "privateIPAllocationMethod": "Dynamic"
            }
          }
        ]
      },
      "tags": {
        "costcode": "AA-Money"
      }
    },
    {
      "name": "[parameters('virtualMachineName')]",
      "type": "Microsoft.Compute/virtualMachines",
      "apiVersion": "2019-03-01",
      "location": "[resourceGroup().location]",
      "dependsOn": [
        "[concat('Microsoft.Network/networkInterfaces/', parameters('virtualMachineName'),'-nic')]"
      ],
      "properties": {
        "hardwareProfile": {
          "vmSize": "Standard_B2ms"
        },
        "storageProfile": {
          "osDisk": {
            "createOption": "fromImage",
            "managedDisk": {
              "storageAccountType": "StandardSSD_LRS"
            }
          },
          "imageReference": {
            "publisher": "[variables('VM_IMAGES')[parameters('OperatingSystem')].publisher]",
            "offer": "[variables('VM_Images')[parameters('OperatingSystem')].offer]",
            "sku": "[variables('VM_Images')[parameters('OperatingSystem')].sku]",
            "version": "[variables('VM_Images')[parameters('OperatingSystem')].version]"
          }
        },
        "networkProfile": {
          "networkInterfaces": [
            {
              "id": "[resourceId('Microsoft.Network/networkInterfaces', concat(parameters('virtualMachineName'),'-nic'))]"
            }
          ]
        },
        "osProfile": {
          "computerName": "[parameters('virtualMachineName')]",
          "adminUsername": "[parameters('adminUsername')]",
          "adminPassword": "[parameters('adminPassword')]",
          "windowsConfiguration": {
            "enableAutomaticUpdates": true,
            "provisionVmAgent": true
          }
        },
        "licenseType": "Windows_Client"
      },
      "tags": {
        "costcode": "AA-Money"
      },
      "zones": [
        1
      ]
    },
    {
      "type": "Microsoft.Compute/virtualMachines/extensions",
      "name": "[concat(parameters('virtualMachineName'), '/joinDomain')]",
      "apiVersion": "2015-06-15",
      "location": "[resourceGroup().location]",
      "copy": {
        "name": "JoinDomain-Copy",
        "count": 1
      },
      "tags": {
        "displayName": "Join Domain"
      },
      "properties": {
        "publisher": "Microsoft.Compute",
        "type": "JsonADDomainExtension",
        "typeHandlerVersion": "1.3",
        "autoUpgradeMinorVersion": true,
        "settings": {
          "Name": "[parameters('DomainFQDN')]",
          "User": "[variables('JoinUser')]",
          "Restart": "true",
          "Options": "3"
        },
        "protectedSettings": {
          "Password": "[parameters('adminPassword')]"
        }
      },
      "dependsOn": [
        "[concat('Microsoft.Compute/virtualMachines/', parameters('virtualMachineName'))]"
      ]
    },
    {      
      "type": "Microsoft.Resources/deployments",
      "name": "Microsoft.CustomScriptExtension-20190928132548",
      "apiVersion": "2015-01-01",
      "properties": {
        "mode": "incremental",
        "templateLink": {
          "uri": "https://gallery.azure.com/artifact/20161101/Microsoft.CustomScriptExtension-arm.2.0.56/Artifacts/MainTemplate.json"
        },
        "parameters": {
          "vmName": {
            "value": "[parameters('virtualMachineName')]"
          },
          "location": {
            "value": "[resourceGroup().location]"
          },
          "fileUris": {
            "value": "https://raw.githubusercontent.com/DeanCefola/Azure-WVD/master/PowerShell/New-WVDSessionHost.ps1"
          },
          "arguments": {
            "value": "[variables('Arguments')]"            
          }
        }
      },
      "dependsOn": [
        "JoinDomain-Copy"
      ]
    }
  ],
  "outputs": {
     
    }
}