﻿{
   "$schema": "https://schema.management.azure.com/schemas/2019-04-01/deploymentTemplate.json#",
  "contentVersion": "1.0.0.0",
  "parameters": {
    "Prefix": {
      "type": "string",
      "defaultValue": "wvd"
    },
    "AdminUserName": {
      "type": "string"
    },
    "AdminPassword": {
      "type": "securestring"
    },
    "DomainFQDN": {
      "type": "string"
    },
    "Instance": {
      "type": "int",
      "minValue": 1,
      "maxValue": 99,
      "defaultValue": 1
    },
    "OperatingSystem": {
      "type": "string",
      "defaultValue": "Client",
      "allowedValues": [
        "Server",
        "Client"
      ]
    },
    "VMSize": {
      "type": "string",
      "defaultValue": "Small",
      "allowedValues": [
        "Small",
        "Medium",
        "Large"
      ]
    },
    "VnetRgName": {
      "type": "string"
    },
    "VnetName": {
      "type": "string"
    },
    "SubnetName": {
      "type": "string"
    },
    "ProfilePath": {
      "type": "string"
    },
    "RegistrationToken": {
      "type": "string"
    }
  },
  "variables": {
    "VM_Images": {
      "Server": {
        "publisher": "MicrosoftWindowsServer",
        "offer": "WindowsServer",
        "sku": "2019-Datacenter-smalldisk",
        "version": "latest"
      },
      "Client": {
        "publisher": "microsoftwindowsdesktop",
        "offer": "office-365",
        "sku": "1903-evd-o365pp",
        "version": "latest"
      }
    },
    "VM_SIZES": {
      "Small": {
        "WVDsize": "Standard_DS3_v2"
      },
      "Medium": {
        "WVDsize": "Standard_F16s"
      },
      "Large": {
        "WVDsize": "Standard_DS14_v2"
      }
    },
    "License": {
      "Server": {
        "License": "Windows_Server"
      },
      "Client": {
        "License": "Windows_Client"
      },
      "Multi": {
        "License": "Windows_Client"
      }
    },
    "VMName": "[concat(parameters('Prefix'),'-VM-')]",
    "subnetRef": "[concat(subscription().id,'/resourceGroups/',parameters('VnetRgName'),'/providers/Microsoft.Network/virtualNetworks/', parameters('VnetName'),'/subnets/', parameters('subnetName'))]",
    "JoinUser": "[concat(parameters('adminUsername'),'@',parameters('DomainFQDN'))]",
    "fileUris": "https://raw.githubusercontent.com/DeanCefola/Azure-WVD/master/PowerShell/New-WVDSessionHost.ps1",
    "UriFileNamePieces": "[split(variables('fileUris'), '/')]",
    "firstFileNameString": "[variables('UriFileNamePieces')[sub(length(variables('UriFileNamePieces')), 1)]]",
    "firstFileNameBreakString": "[split(variables('firstFileNameString'), '?')]",
    "firstFileName": "[variables('firstFileNameBreakString')[0]]",
    "Arguments": "[string(concat('-ProfilePath ', parameters('ProfilePath'), ' -RegistrationToken ', parameters('RegistrationToken')))]"
  },
  "resources": [
    {
      "type": "Microsoft.Network/networkInterfaces",
      "name": "[concat(variables('VMName'),copyIndex(),'-nic')]",
      "apiVersion": "2018-10-01",
      "location": "[resourceGroup().location]",
      "copy": {
        "name": "WVDNic-Copy",
        "count": "[parameters('Instance')]"
      },
      "tags": {
        "costcode": "AA-Money",
        "displayName": "WVD-Nic"
      },
      "properties": {
        "ipConfigurations": [
          {
            "name": "ipconfig1",
            "properties": {
              "subnet": {
                "id": "[variables('subnetRef')]"
              },
              "privateIPAllocationMethod": "Dynamic"
            }
          }
        ]
      },
      "dependsOn": [
        
      ]

    },
    {
      "type": "Microsoft.Compute/virtualMachines",
      "name": "[concat(variables('VMName'),copyIndex())]",
      "apiVersion": "2019-03-01",
      "location": "[resourceGroup().location]",
      "copy": {
        "name": "WVD-Copy",
        "count": "[parameters('Instance')]"
      },
      "tags": {
        "costcode": "AA-Money",
        "displayName": "WVD-VM"
      },
      "properties": {
        "hardwareProfile": {
          "vmSize": "[variables('VM_SIZES')[parameters('VMSize')].WVDsize]"
        },
        "storageProfile": {
            "osDisk": {
                "name": "[concat(variables('VMName'),copyIndex(),'-OSDisk')]",
                "createOption": "FromImage",
                "managedDisk": {
                    "storageAccountType": "Standard_LRS"
                },
                "caching": "ReadOnly",
                "diffDiskSettings": {
                    "option": "Local"
                }
            },
            "imageReference": {
                "publisher": "[variables('VM_IMAGES')[parameters('OperatingSystem')].publisher]",
                "offer": "[variables('VM_Images')[parameters('OperatingSystem')].offer]",
                "sku": "[variables('VM_Images')[parameters('OperatingSystem')].sku]",
                "version": "[variables('VM_Images')[parameters('OperatingSystem')].version]"
            }
        },
        "networkProfile": {
          "networkInterfaces": [
            {
              "id": "[resourceId('Microsoft.Network/networkInterfaces', concat(variables('VMName'),copyIndex(),'-nic'))]"
            }
          ]
        },
        "osProfile": {
          "computerName": "[concat(variables('VMName'),copyIndex())]",
          "adminUsername": "[parameters('AdminUserName')]",
          "adminPassword": "[parameters('AdminPassword')]",
          "windowsConfiguration": {
            "enableAutomaticUpdates": true,
            "provisionVmAgent": true
          }
        },
        "licenseType": "[variables('License')[parameters('OperatingSystem')].License]"
      },
      "zones": [
        1
      ],
      "dependsOn": [
        "WVDNic-Copy"
      ]
    },
    {
      "type": "Microsoft.Compute/virtualMachines/extensions",
      "name": "[concat(variables('VMName'),copyIndex(), '/joinDomain')]",
      "apiVersion": "2015-06-15",
      "location": "[resourceGroup().location]",
      "copy": {
        "name": "JoinDomain-Copy",
        "count": "[parameters('Instance')]"
      },
      "tags": {
        "displayName": "Join Domain"
      },
      "properties": {
        "publisher": "Microsoft.Compute",
        "type": "JsonADDomainExtension",
        "typeHandlerVersion": "1.3",
        "autoUpgradeMinorVersion": true,
        "settings": {
          "Name": "[parameters('DomainFQDN')]",
          "User": "[variables('JoinUser')]",
          "Restart": "true",
          "Options": "3"
        },
        "protectedSettings": {
          "Password": "[parameters('adminPassword')]"
        }
      },
      "dependsOn": [
        "WVD-Copy"
      ]
    },
    {
      "type": "Microsoft.Compute/virtualMachines/extensions",
      "name": "[concat(variables('VMName'),copyIndex(),'/CustomScriptExtension')]",
      "apiVersion": "2015-06-15",
      "location": "[resourceGroup().location]",
      "copy": {
        "name": "Script-Copy",
        "count": "[parameters('Instance')]"
      },
      "properties": {
        "publisher": "Microsoft.Compute",
        "type": "CustomScriptExtension",
        "typeHandlerVersion": "1.9",
        "autoUpgradeMinorVersion": true,
        "settings": {
          "fileUris": [
            "[variables('fileUris')]"
          ]
        },
        "protectedSettings": {
          "commandToExecute": "[concat ('powershell -ExecutionPolicy Unrestricted -File ', variables('firstFileName'), ' ', variables('arguments'))]"
        }
      },
      "dependsOn": [
        "JoinDomain-Copy"
      ]
    }
  ],
  "outputs": {

  }
}